"POSTCODE","DISTRICT","area_sqkm","proportion_in_district"
"3688","Benambra","191.855","1"
"3597","Mildura","1148.708","1"
"3921","Hastings","170.564","1"
"3793","Monbulk","20.28","1"
"3472","Bendigo West","26.274","0.05389649"
"3472","Ripon","461.216","0.94610351"
"3551","Bendigo West","132.988","0.077676413"
"3551","Euroa","413.023","0.241240902"
"3551","Bendigo East","700.943","0.409410909"
"3551","Ripon","465.123","0.271671776"
"3624","Euroa","84.054","1"
"3614","Euroa","28.75","0.340498608"
"3614","Shepparton","55.685","0.659501392"
"3475","Ripon","508.301","1"
"3647","Shepparton","16.525","1"
"3660","Eildon","201.441","0.320819564"
"3660","Euroa","426.454","0.679180436"
"3690","Benambra","81.137","1"
"3749","Benambra","183.693","1"
"3695","Benambra","181.818","1"
"3805","Narre Warren South","13.052","0.486234773"
"3805","Narre Warren North","13.791","0.513765227"
"3789","Monbulk","6.606","1"
"3786","Monbulk","4.497","1"
"3156","Bayswater","7.903","0.147954694"
"3156","Monbulk","26.591","0.497818965"
"3156","Rowville","14.346","0.268576243"
"3156","Narre Warren North","4.575","0.085650098"
"3678","Ovens Valley","2457.372","1"
"3498","Mildura","64.618","1"
"3505","Mildura","537.545","1"
"3188","Sandringham","2.366","0.416842847"
"3188","Brighton","3.31","0.583157153"
"3590","Murray Plains","26.345","1"
"3586","Murray Plains","213.231","1"
"3400","Lowan","23.874","1"
"3373","Ripon","888.541","1"
"3579","Murray Plains","1943.262","1"
"3764","Euroa","438.925","1"
"3701","Benambra","2780.923","0.922549172"
"3701","Gippsland East","233.467","0.077450828"
"3458","Macedon","346.879","1"
"3673","Euroa","885.09","1"
"3722","Eildon","420.761","1"
"3966","Gippsland South","128.789","1"
"3665","Euroa","185.135","1"
"3664","Euroa","229.73","1"
"3669","Euroa","811.555","1"
"3478","Mildura","121.66","0.248147967"
"3478","Ripon","368.612","0.751852033"
"3364","Bendigo West","88.767","0.153512913"
"3364","Eureka","21.032","0.036372566"
"3364","Ripon","468.439","0.81011452"
"3451","Bendigo West","198.448","0.631503244"
"3451","Macedon","115.799","0.368496756"
"3462","Bendigo West","140.358","1"
"3463","Bendigo West","392.282","0.795345706"
"3463","Ripon","100.94","0.204654294"
"3447","Macedon","48.575","1"
"3446","Macedon","81.403","1"
"3753","Kalkallo","71.002","0.636475281"
"3753","Yan Yean","40.553","0.363524719"
"3030","Point Cook","72.118","0.304847171"
"3030","Werribee","164.453","0.695152829"
"3243","Polwarth","253.734","1"
"3236","Polwarth","48.054","1"
"3756","Kalkallo","57.999","0.29044519"
"3756","Yan Yean","42.978","0.215223597"
"3756","Macedon","98.713","0.494331213"
"3461","Bendigo West","27.02","0.048385913"
"3461","Eureka","12.021","0.021526538"
"3461","Macedon","519.386","0.930087549"
"3301","South-West Coast","115.242","0.117875576"
"3301","Lowan","862.416","0.882124424"
"3283","South-West Coast","382.511","1"
"3285","South-West Coast","417.568","1"
"3279","South-West Coast","125.906","1"
"3027","Point Cook","3.464","0.475954933"
"3027","Laverton","3.814","0.524045067"
"3589","Murray Plains","30.214","1"
"3925","Bass","28.592","1"
"3167","Clarinda","2.81","0.422556391"
"3167","Oakleigh","3.84","0.577443609"
"3564","Murray Plains","640.06","1"
"3620","Euroa","38.382","0.106599196"
"3620","Murray Plains","321.677","0.893400804"
"3063","Kalkallo","39.158","0.878770197"
"3063","Sunbury","5.402","0.121229803"
"3075","Thomastown","9.288","1"
"3000","Melbourne","2.698","1"
"3735","Ovens Valley","207.884","1"
"3049","Greenvale","7.624","0.776137636"
"3049","Sunbury","2.199","0.223862364"
"3015","Williamstown","8.879","1"
"3616","Euroa","147.101","0.528474942"
"3616","Murray Plains","17.232","0.06190767"
"3616","Shepparton","114.017","0.409617388"
"3634","Ovens Valley","7.408","0.023986919"
"3634","Shepparton","301.427","0.976013081"
"3610","Euroa","265.028","1"
"3363","Ripon","159.936","1"
"3683","Benambra","267.604","1"
"3309","Lowan","113.804","1"
"3633","Shepparton","54.222","1"
"3687","Benambra","36.532","1"
"3691","Ovens Valley","452.51","0.248525903"
"3691","Benambra","1368.266","0.751474097"
"3685","Ovens Valley","38.598","0.109686751"
"3685","Benambra","313.295","0.890313249"
"3744","Ovens Valley","54.393","1"
"3194","Clarinda","4.802","0.646821121"
"3194","Sandringham","2.622","0.353178879"
"3140","Evelyn","29.154","1"
"3806","Berwick","42.146","0.905411502"
"3806","Narre Warren North","4.403","0.094588498"
"3940","Nepean","4.662","1"
"3282","South-West Coast","62.711","1"
"3216","South Barwon","48.98","0.875393194"
"3216","Geelong","6.972","0.124606806"
"3791","Monbulk","12.082","1"
"3713","Eildon","676.96","1"
"3737","Ovens Valley","1763.474","1"
"3588","Murray Plains","32.898","1"
"3393","Lowan","1253.705","0.91188029"
"3393","Mildura","121.152","0.08811971"
"3556","Bendigo West","56.983","0.225004245"
"3556","Bendigo East","153.637","0.606654215"
"3556","Ripon","42.633","0.16834154"
"3893","Gippsland East","375.52","1"
"3277","South-West Coast","211.849","1"
"3047","Broadmeadows","12","1"
"3896","Gippsland East","1109.145","1"
"3227","South Barwon","35.326","0.478186125"
"3227","Bellarine","38.549","0.521813875"
"3910","Hastings","28.744","1"
"3621","Murray Plains","185.641","1"
"3392","Lowan","577.634","1"
"3390","Lowan","470.347","1"
"3388","Lowan","413.892","0.837229625"
"3388","Ripon","80.467","0.162770375"
"3385","Lowan","837.619","1"
"3401","Lowan","4614.169","1"
"3464","Bendigo West","17.879","0.146132344"
"3464","Ripon","104.469","0.853867656"
"3465","Ripon","869.914","1"
"3480","Lowan","128.286","0.088436143"
"3480","Mildura","1052.943","0.725864225"
"3480","Ripon","269.377","0.185699632"
"3765","Evelyn","8.198","0.736898876"
"3765","Monbulk","2.927","0.263101124"
"3206","Albert Park","3.731","1"
"3136","Croydon","22.823","1"
"3168","Oakleigh","9.472","1"
"3115","Warrandyte","22.907","1"
"3777","Eildon","375.013","1"
"3795","Evelyn","3.441","0.114353129"
"3795","Monbulk","26.65","0.885646871"
"3159","Monbulk","14.028","1"
"3808","Berwick","16.007","0.452763478"
"3808","Pakenham","19.347","0.547236522"
"3137","Monbulk","2.934","0.229757244"
"3137","Croydon","9.836","0.770242756"
"3796","Evelyn","16.784","0.966263673"
"3796","Monbulk","0.586","0.033736327"
"3799","Eildon","705.813","1"
"3482","Lowan","45.43","0.080694151"
"3482","Mildura","517.56","0.919305849"
"3238","Polwarth","235.423","1"
"3566","Murray Plains","131.548","1"
"3177","Dandenong","5.111","1"
"3304","South-West Coast","1141.846","0.578954841"
"3304","Lowan","830.408","0.421045159"
"3419","Lowan","1043.224","1"
"3371","Ripon","314.727","1"
"3184","Brighton","2.561","1"
"3029","Kororoit","38.245","0.317638949"
"3029","Laverton","29.95","0.248745889"
"3029","Tarneit","52.209","0.433615162"
"3078","Northcote","6.302","1"
"3450","Bendigo West","23.492","1"
"3911","Hastings","17.294","0.927441411"
"3911","Mornington","1.353","0.072558589"
"3448","Macedon","219.603","1"
"3066","Richmond","1.291","1"
"3074","Thomastown","14.673","1"
"3082","Mill Park","10.753","0.838898424"
"3082","Bundoora","2.065","0.161101576"
"3116","Warrandyte","13.456","0.602948425"
"3116","Evelyn","8.861","0.397051575"
"3155","Bayswater","10.859","0.964044744"
"3155","Monbulk","0.405","0.035955256"
"3804","Monbulk","9.436","0.299860175"
"3804","Narre Warren North","22.032","0.700139825"
"3584","Murray Plains","100.517","1"
"3562","Murray Plains","140.889","1"
"3293","Lowan","492.745","1"
"3130","Glen Waverley","0.453","0.037131148"
"3130","Box Hill","8.389","0.687622951"
"3130","Ringwood","3.358","0.275245902"
"3900","Gippsland East","1208.84","1"
"3699","Ovens Valley","286.345","0.560527671"
"3699","Gippsland East","224.504","0.439472329"
"3427","Sunbury","69.833","1"
"3170","Mulgrave","10.716","1"
"3126","Kew","1.309","0.414634146"
"3126","Hawthorn","1.848","0.585365854"
"3942","Nepean","6.228","1"
"3134","Warrandyte","13.844","0.623968991"
"3134","Ringwood","8.343","0.376031009"
"3109","Bulleen","3.276","0.299725526"
"3109","Warrandyte","7.654","0.700274474"
"3183","Prahran","0.628","0.207809398"
"3183","Caulfield","2.394","0.792190602"
"3491","Mildura","1144.226","1"
"3500","Mildura","77.449","1"
"3093","Eltham","6.818","1"
"3289","South-West Coast","150.214","0.263845782"
"3289","Lowan","419.111","0.736154218"
"3895","Gippsland East","275.704","1"
"3018","Point Cook","0.638","0.03649468"
"3018","Williamstown","16.844","0.96350532"
"3195","Mordialloc","24.41","1"
"3158","Monbulk","6.228","1"
"3779","Eildon","579.698","1"
"3723","Eildon","2852.67","0.927056912"
"3723","Ovens Valley","113.202","0.036788236"
"3723","Euroa","111.253","0.036154852"
"3138","Evelyn","10.271","0.828039342"
"3138","Croydon","2.133","0.171960658"
"3345","Eureka","45.76","1"
"3977","Bass","43.393","0.332952244"
"3977","Cranbourne","56.965","0.437089497"
"3977","Carrum","19.726","0.151356577"
"3977","Narre Warren South","10.244","0.078601682"
"3131","Glen Waverley","3.199","0.349885158"
"3131","Ringwood","5.944","0.650114842"
"3520","Ripon","100.026","1"
"3525","Mildura","715.856","0.670299748"
"3525","Ripon","163.551","0.153142803"
"3525","Murray Plains","188.557","0.17655745"
"3096","Eltham","8.981","1"
"3079","Ivanhoe","7.617","1"
"3152","Bayswater","10.576","0.472480343"
"3152","Rowville","11.808","0.527519657"
"3233","Polwarth","186.876","1"
"3340","Eureka","349.162","0.580272252"
"3340","Melton","64.173","0.106649095"
"3340","Macedon","71.542","0.118895634"
"3340","Lara","116.844","0.194183018"
"3144","Malvern","3.414","1"
"3331","Geelong","162.245","0.615795986"
"3331","Eureka","101.227","0.384204014"
"3211","Lara","113.603","0.626965424"
"3211","Werribee","67.592","0.373034576"
"3196","Carrum","2.809","0.264775191"
"3196","Mordialloc","7.8","0.735224809"
"3241","Polwarth","624.564","1"
"3396","Mildura","914.555","1"
"3232","Polwarth","104.751","1"
"3787","Monbulk","4.675","1"
"3222","Bellarine","146.391","1"
"3833","Eildon","83.006","0.089123911"
"3833","Narracan","848.349","0.910876089"
"3153","Bayswater","7.886","0.545555171"
"3153","Croydon","6.569","0.454444829"
"3778","Eildon","222.88","1"
"3781","Monbulk","42.288","1"
"3154","Bayswater","1.064","0.207447846"
"3154","Monbulk","4.065","0.792552154"
"3276","South-West Coast","335.386","1"
"3292","South-West Coast","225.108","1"
"3797","Eildon","141.62","1"
"3775","Eildon","173.114","1"
"3763","Eildon","112.706","1"
"3825","Narracan","1558.84","0.830765902"
"3825","Gippsland East","141.935","0.075642631"
"3825","Morwell","175.614","0.093591467"
"3783","Narracan","104.668","0.518741358"
"3783","Monbulk","97.105","0.481258642"
"3803","Narre Warren North","8.231","1"
"3992","Bass","95.886","1"
"3792","Monbulk","3.692","1"
"3770","Evelyn","135.215","1"
"3766","Evelyn","0.519","0.065896394"
"3766","Monbulk","7.357","0.934103606"
"3139","Eildon","173.399","0.729042023"
"3139","Evelyn","42.262","0.177687149"
"3139","Monbulk","22.184","0.093270828"
"3785","Monbulk","5.481","1"
"3429","Sunbury","173.164","1"
"3677","Ovens Valley","47.018","1"
"3813","Narracan","69.901","1"
"3310","Lowan","122.268","1"
"3378","Lowan","165.79","0.536230056"
"3378","Ripon","143.387","0.463769944"
"3341","Eureka","121.737","0.785253082"
"3341","Macedon","33.292","0.214746918"
"3286","South-West Coast","388.248","1"
"3020","St Albans","8.894","0.360314374"
"3020","Laverton","15.79","0.639685626"
"3938","Nepean","4.291","1"
"3199","Frankston","34.624","1"
"3929","Nepean","56.167","1"
"3518","Mildura","50.72","0.044920574"
"3518","Ripon","905.173","0.801673717"
"3518","Murray Plains","173.211","0.153405709"
"3352","Eureka","964.16","0.512644643"
"3352","Ripon","916.597","0.487355357"
"3468","Ripon","217.736","1"
"3576","Murray Plains","146.103","1"
"3467","Ripon","102.594","1"
"3375","Ripon","377.974","1"
"3537","Murray Plains","781.327","1"
"3517","Bendigo East","266.55","0.268269338"
"3517","Ripon","599.963","0.603832965"
"3517","Murray Plains","127.078","0.127897696"
"3567","Murray Plains","159.478","1"
"3225","Bellarine","33.735","0.55970335"
"3926","Hastings","30.078","0.544004341"
"3926","Nepean","25.212","0.455995659"
"3226","Bellarine","18.545","1"
"3106","Bulleen","14.841","0.915602443"
"3106","Warrandyte","1.368","0.084397557"
"3758","Euroa","17.023","0.379554069"
"3758","Yan Yean","27.827","0.620445931"
"3412","Lowan","323.522","1"
"3133","Glen Waverley","9.566","0.889446769"
"3133","Ringwood","1.189","0.110553231"
"3160","Monbulk","21.04","1"
"3788","Monbulk","17.858","1"
"3294","Lowan","928.469","1"
"3852","Gippsland South","9.442","1"
"3016","Williamstown","7.52","1"
"3223","Bellarine","71.897","1"
"3042","Niddrie","8.82","1"
"3127","Kew","0.866","0.141134289"
"3127","Hawthorn","1.93","0.314537158"
"3127","Box Hill","3.34","0.544328553"
"3333","Eureka","240.404","1"
"3147","Ashwood","5.463","1"
"3527","Mildura","1058.769","0.88872558"
"3527","Murray Plains","132.565","0.11127442"
"3750","Mill Park","2.548","0.046881325"
"3750","Thomastown","42.343","0.779080037"
"3750","Yan Yean","9.459","0.174038638"
"3088","Bundoora","8.04","0.611639407"
"3088","Eltham","5.105","0.388360593"
"3095","Eltham","29.633","1"
"3051","Melbourne","2.37","1"
"3242","Polwarth","126.403","1"
"3089","Eltham","17.85","1"
"3762","Euroa","29.321","0.722601474"
"3762","Macedon","11.256","0.277398526"
"3338","Melton","83.925","0.742916073"
"3338","Werribee","29.042","0.257083927"
"3767","Monbulk","7.936","1"
"3097","Eildon","39.859","1"
"3193","Sandringham","8.335","1"
"3928","Nepean","27.182","1"
"3882","Gippsland East","69.832","1"
"3875","Gippsland East","2395.549","1"
"3054","Brunswick","2.316","1"
"3891","Gippsland East","1330.476","1"
"3931","Mornington","21.326","1"
"3802","Narre Warren North","15.492","1"
"3757","Eildon","122.649","0.430059153"
"3757","Yan Yean","162.542","0.569940847"
"3059","Greenvale","30.421","1"
"3172","Clarinda","12.39","1"
"3231","Polwarth","56.546","1"
"3919","Hastings","6.519","1"
"3540","Murray Plains","521.441","1"
"3516","Bendigo West","37.79","0.110278454"
"3516","Bendigo East","8.833","0.025776385"
"3516","Ripon","296.055","0.863945161"
"3033","Niddrie","9.689","1"
"3583","Murray Plains","28.808","1"
"3351","Lowan","704.964","0.470299566"
"3351","Eureka","269.213","0.179598897"
"3351","Ripon","524.791","0.350101537"
"3580","Murray Plains","59.215","1"
"3571","Bendigo East","348.476","1"
"3751","Yan Yean","31.254","1"
"3102","Kew","4.038","1"
"3575","Murray Plains","782.707","1"
"3487","Mildura","317.635","1"
"3162","Caulfield","4.736","1"
"3483","Mildura","1177.783","1"
"3599","Mildura","163.759","1"
"3991","Bass","48.208","1"
"3698","Ovens Valley","48.744","1"
"3174","Clarinda","1.143","0.093298506"
"3174","Dandenong","4.689","0.382744266"
"3174","Mulgrave","6.419","0.523957228"
"3151","Glen Waverley","2.039","0.47841389"
"3151","Box Hill","0.895","0.209995307"
"3151","Ashwood","1.328","0.311590802"
"3570","Bendigo East","570.257","1"
"3045","Sunbury","27.01","1"
"3782","Monbulk","88.94","1"
"3738","Ovens Valley","27.771","1"
"3061","Broadmeadows","12.234","1"
"3273","Lowan","222.833","1"
"3329","Eureka","263.742","0.890136149"
"3329","Polwarth","32.552","0.109863851"
"3941","Nepean","24.303","1"
"3302","South-West Coast","50.131","0.117184907"
"3302","Lowan","377.663","0.882815093"
"3336","Kororoit","12.834","0.440108364"
"3336","Sydenham","16.327","0.559891636"
"3936","Nepean","45.35","1"
"3391","Lowan","252.596","1"
"3163","Oakleigh","6.319","0.876178591"
"3163","Caulfield","0.893","0.123821409"
"3509","Mildura","619.948","1"
"3424","Lowan","880.322","0.635035206"
"3424","Mildura","505.935","0.364964794"
"3122","Hawthorn","5.908","1"
"3512","Mildura","1290.662","1"
"3496","Mildura","3379.232","1"
"3494","Mildura","931.035","1"
"3501","Mildura","1024.412","1"
"3937","Nepean","38.727","1"
"3990","Bass","25.744","1"
"3507","Mildura","462.591","1"
"3161","Caulfield","4.196","1"
"3073","Preston","18.826","1"
"3039","Essendon","4.26","0.978410657"
"3039","Niddrie","0.094","0.021589343"
"3169","Clarinda","11.952","1"
"3546","Mildura","1235.903","1"
"3760","Eildon","14.753","1"
"3490","Lowan","2881.417","0.186620973"
"3490","Mildura","12558.525","0.813379027"
"3420","Lowan","1674.352","1"
"3930","Mornington","23.359","1"
"3065","Richmond","1.403","1"
"3939","Nepean","100.504","1"
"3739","Ovens Valley","50.247","1"
"3149","Oakleigh","2.709","0.178411486"
"3149","Ashwood","12.475","0.821588514"
"3090","Yan Yean","10.947","1"
"3705","Benambra","239.037","1"
"3135","Ringwood","9.142","1"
"3334","Eureka","261.267","1"
"3887","Gippsland East","318.426","1"
"3885","Gippsland East","3665.715","1"
"3892","Gippsland East","242.207","1"
"3178","Rowville","21.662","1"
"3192","Clarinda","2.926","0.275647668"
"3192","Sandringham","4.292","0.40433349"
"3192","Bentleigh","3.397","0.320018841"
"3709","Benambra","544.138","1"
"3171","Mulgrave","11.006","1"
"3415","Lowan","47.507","1"
"3886","Gippsland East","55.224","1"
"3221","South Barwon","110.386","1"
"3219","Geelong","16.805","1"
"3275","South-West Coast","16.666","1"
"3865","Gippsland East","12.861","1"
"3878","Gippsland East","18.187","1"
"3670","Euroa","253.232","1"
"3880","Gippsland East","147.232","0.871370572"
"3880","Gippsland South","21.734","0.128629428"
"3218","Geelong","83.91","1"
"3407","Lowan","585.918","1"
"3682","Ovens Valley","156.089","0.457957909"
"3682","Benambra","184.748","0.542042091"
"3108","Bulleen","8.77","1"
"3187","Bentleigh","0.166","0.028929941"
"3187","Brighton","5.572","0.971070059"
"3807","Berwick","14.66","1"
"3067","Richmond","1.782","1"
"3330","Eureka","186.625","1"
"3533","Mildura","1317.632","0.967547983"
"3533","Murray Plains","44.194","0.032452017"
"3697","Ovens Valley","137.929","1"
"3903","Gippsland East","37.829","1"
"3888","Gippsland East","3374.127","1"
"3213","Geelong","13.211","0.051404669"
"3213","Eureka","13.034","0.050715953"
"3213","Lara","230.755","0.897879377"
"3105","Bulleen","6.496","1"
"3094","Eltham","3.799","1"
"3032","Footscray","5.489","0.563378836"
"3032","Essendon","4.254","0.436621164"
"3565","Murray Plains","57.407","1"
"3220","Geelong","11.602","1"
"3923","Bass","16.098","1"
"3337","Melton","152.879","1"
"3662","Euroa","412.226","1"
"3555","Bendigo West","25.109","0.612863071"
"3555","Bendigo East","15.861","0.387136929"
"3550","Bendigo West","13.242","0.250662527"
"3550","Bendigo East","39.586","0.749337473"
"3746","Ovens Valley","57.019","1"
"3515","Bendigo West","204.132","0.8891696"
"3515","Ripon","25.444","0.1108304"
"3058","Pascoe Vale","11.695","1"
"3704","Benambra","165.85","1"
"3200","Hastings","0.969","0.189442815"
"3200","Frankston","4.146","0.810557185"
"3563","Murray Plains","103.657","1"
"3205","Prahran","0.145","0.066943675"
"3205","Albert Park","2.021","0.933056325"
"3726","Euroa","245.4","1"
"3021","St Albans","15.492","0.780178275"
"3021","Kororoit","4.365","0.219821725"
"3129","Box Hill","6.118","1"
"3944","Nepean","11.236","1"
"3041","Essendon","7.898","1"
"3071","Northcote","5.136","1"
"3305","South-West Coast","802.857","1"
"3423","Lowan","685.218","1"
"3869","Gippsland South","96.038","1"
"3581","Murray Plains","144.696","1"
"3070","Northcote","6.031","1"
"3810","Pakenham","142.66","1"
"3091","Yan Yean","15.333","1"
"3523","Euroa","666.745","1"
"3542","Mildura","88.951","0.184347527"
"3542","Murray Plains","393.567","0.815652473"
"3022","St Albans","0.983","0.481862745"
"3022","Laverton","1.057","0.518137255"
"3595","Murray Plains","36.538","1"
"3978","Bass","53.411","0.554406834"
"3978","Cranbourne","6.292","0.065311037"
"3978","Berwick","26.478","0.274841964"
"3978","Pakenham","10.158","0.105440164"
"3755","Eildon","2.888","0.089243225"
"3755","Yan Yean","29.473","0.910756775"
"3902","Gippsland East","28.482","1"
"3904","Gippsland East","27.777","1"
"3909","Gippsland East","330.148","1"
"3081","Ivanhoe","6.219","1"
"3085","Ivanhoe","4.298","0.579714054"
"3085","Bundoora","3.116","0.420285946"
"3083","Bundoora","18.334","1"
"3927","Hastings","14.043","1"
"3754","Yan Yean","54.698","1"
"3635","Shepparton","182.044","1"
"3980","Bass","36.479","1"
"3053","Melbourne","1.749","1"
"3752","Mill Park","19.126","0.908080904"
"3752","Yan Yean","1.936","0.091919096"
"3915","Hastings","26.866","0.409131057"
"3915","Mornington","38.8","0.590868943"
"3055","Pascoe Vale","1.029","0.322772898"
"3055","Brunswick","2.159","0.677227102"
"3644","Ovens Valley","264.498","1"
"3730","Ovens Valley","485.859","1"
"3123","Hawthorn","3.49","1"
"3318","Lowan","1302.113","1"
"3004","Prahran","2.433","0.638415114"
"3004","Albert Park","0.57","0.149567043"
"3004","Melbourne","0.808","0.212017843"
"3594","Murray Plains","27.836","1"
"3145","Malvern","7.659","0.85728677"
"3145","Caulfield","1.275","0.14271323"
"3489","Mildura","452.963","1"
"3649","Ovens Valley","162.045","1"
"3658","Eildon","96.053","0.170165838"
"3658","Euroa","327.284","0.579810689"
"3658","Yan Yean","141.13","0.250023473"
"3641","Shepparton","253.191","1"
"3636","Ovens Valley","173.377","0.438597113"
"3636","Shepparton","221.922","0.561402887"
"3889","Gippsland East","1714.122","1"
"3979","Bass","71.991","1"
"3037","Sydenham","22.593","1"
"3198","Carrum","8.297","0.664238252"
"3198","Frankston","4.194","0.335761748"
"3521","Euroa","115.837","1"
"3048","Broadmeadows","3.017","0.387490367"
"3048","Greenvale","4.769","0.612509633"
"3217","South Barwon","108.141","0.838894104"
"3217","Polwarth","20.768","0.161105896"
"3717","Eildon","1033.526","1"
"3675","Ovens Valley","292.264","0.609913834"
"3675","Euroa","186.925","0.390086166"
"3506","Mildura","433.451","1"
"3235","Polwarth","193.582","1"
"3659","Euroa","178.043","1"
"3240","South Barwon","57.791","0.263902715"
"3240","Polwarth","161.195","0.736097285"
"3414","Lowan","703.226","1"
"3311","Lowan","371.241","1"
"3640","Ovens Valley","32.887","0.200864854"
"3640","Shepparton","130.84","0.799135146"
"3300","Lowan","323.519","1"
"3934","Mornington","29.779","1"
"3234","Polwarth","150.698","1"
"3913","Hastings","23.894","1"
"3107","Bulleen","5.93","1"
"3250","Polwarth","84.456","1"
"3975","Carrum","9.326","0.694518916"
"3975","Narre Warren South","4.102","0.305481084"
"3812","Narracan","88.74","0.913329422"
"3812","Monbulk","2.574","0.026492111"
"3812","Pakenham","5.847","0.060178467"
"3622","Murray Plains","152.672","1"
"3530","Mildura","397.016","1"
"3319","Lowan","578.93","1"
"3038","St Albans","4.711","0.358742004"
"3038","Niddrie","2.594","0.197532744"
"3038","Sydenham","5.827","0.443725251"
"3182","Prahran","0.851","0.232895457"
"3182","Albert Park","2.803","0.767104543"
"3708","Benambra","75.472","1"
"3409","Lowan","1615.555","1"
"3125","Box Hill","3.231","0.53422619"
"3125","Ashwood","2.817","0.46577381"
"3076","Mill Park","9.525","0.282330972"
"3076","Thomastown","24.212","0.717669028"
"3132","Ringwood","6.625","1"
"3433","Macedon","25.681","1"
"3124","Hawthorn","7.507","0.974049565"
"3124","Ashwood","0.2","0.025950435"
"3146","Hawthorn","0.319","0.039745826"
"3146","Malvern","2.692","0.335409918"
"3146","Ashwood","5.015","0.624844256"
"3287","South-West Coast","330.709","1"
"3150","Glen Waverley","20.942","0.780253353"
"3150","Mulgrave","5.898","0.219746647"
"3228","Polwarth","103.193","1"
"3631","Euroa","205.896","0.319796221"
"3631","Shepparton","437.939","0.680203779"
"3214","Lara","26.383","1"
"3629","Murray Plains","155.267","0.509097169"
"3629","Shepparton","149.718","0.490902831"
"3623","Euroa","127.877","1"
"3725","Euroa","256.36","0.828499129"
"3725","Shepparton","53.067","0.171500871"
"3759","Eildon","21.071","1"
"3728","Ovens Valley","376.27","1"
"3036","Niddrie","6.524","0.370850387"
"3036","Sunbury","3.721","0.211516598"
"3036","Sydenham","7.347","0.417633015"
"3638","Shepparton","445.109","1"
"3740","Ovens Valley","652.068","1"
"3278","South-West Coast","61.091","1"
"3215","Lara","17.923","1"
"3435","Euroa","84.212","0.312091643"
"3435","Macedon","185.619","0.687908357"
"3023","St Albans","4.955","0.125268613"
"3023","Kororoit","33.165","0.838452787"
"3023","Sydenham","1.435","0.036278599"
"3485","Mildura","609.289","1"
"3377","Lowan","524.837","0.397952901"
"3377","Ripon","794.005","0.602047099"
"3727","Ovens Valley","246.617","1"
"3006","Prahran","0.273","0.149753154"
"3006","Albert Park","1.55","0.850246846"
"3040","Essendon","4.853","0.555453817"
"3040","Niddrie","3.884","0.444546183"
"3596","Mildura","124.424","0.871090824"
"3596","Murray Plains","18.413","0.128909176"
"3321","Eureka","199.51","0.606629105"
"3321","Polwarth","129.373","0.393370895"
"3128","Box Hill","7.013","1"
"3976","Narre Warren South","12.058","0.90688929"
"3976","Narre Warren North","1.238","0.09311071"
"3920","Hastings","15.148","1"
"3646","Ovens Valley","235.725","0.677106073"
"3646","Euroa","12.71","0.036508721"
"3646","Shepparton","99.701","0.286385206"
"3732","Ovens Valley","250.58","0.970976867"
"3732","Euroa","7.49","0.029023133"
"3898","Ovens Valley","104.943","0.075646862"
"3898","Gippsland East","1282.332","0.924353138"
"3002","Richmond","0.04","0.021563342"
"3002","Melbourne","1.815","0.978436658"
"3142","Malvern","4.28","1"
"3617","Euroa","33.298","1"
"3190","Sandringham","2.549","0.695308238"
"3190","Bentleigh","1.117","0.304691762"
"3438","Macedon","26.212","1"
"3431","Macedon","72.105","1"
"3916","Nepean","35.711","1"
"3430","Macedon","73.083","0.839118204"
"3430","Sunbury","14.012","0.160881796"
"3019","Laverton","4.328","1"
"3700","Benambra","281.395","1"
"3437","Macedon","184.661","1"
"3191","Sandringham","3.696","1"
"3180","Bayswater","0.468","0.083407592"
"3180","Rowville","5.143","0.916592408"
"3062","Greenvale","5.331","1"
"3114","Warrandyte","9.479","1"
"3618","Euroa","51.363","0.919067387"
"3618","Murray Plains","4.523","0.080932613"
"3630","Euroa","98.863","0.696625492"
"3630","Shepparton","43.054","0.303374508"
"3612","Euroa","507.705","1"
"3204","Bentleigh","7.34","0.881046693"
"3204","Oakleigh","0.4","0.048013444"
"3204","Caulfield","0.591","0.070939863"
"3442","Macedon","275.213","1"
"3557","Euroa","88.28","0.328382304"
"3557","Bendigo East","180.553","0.671617696"
"3034","Niddrie","5.403","1"
"3544","Mildura","201.73","0.202006345"
"3544","Murray Plains","796.902","0.797993655"
"3747","Ovens Valley","52.465","0.123783459"
"3747","Benambra","371.38","0.876216541"
"3572","Bendigo East","92.343","0.312462568"
"3572","Murray Plains","203.19","0.687537432"
"3044","Pascoe Vale","7.99","1"
"3558","Euroa","173.28","0.471653946"
"3558","Bendigo East","194.108","0.528346054"
"3224","Geelong","33.46","0.558784235"
"3224","Bellarine","26.42","0.441215765"
"3573","Murray Plains","632.024","1"
"3052","Melbourne","4.091","1"
"3068","Richmond","1.754","0.421330771"
"3068","Brunswick","2.409","0.578669229"
"3031","Essendon","2.893","0.577791092"
"3031","Melbourne","2.114","0.422208908"
"3418","Lowan","2938.289","1"
"3165","Bentleigh","8.978","1"
"3254","Polwarth","18.174","1"
"3332","Eureka","88.309","1"
"3284","South-West Coast","223.077","1"
"3335","Melton","12.224","0.187723636"
"3335","Kororoit","10.542","0.161893208"
"3335","Sydenham","42.351","0.650383156"
"3413","Lowan","977.196","1"
"3488","Mildura","307.806","1"
"3148","Oakleigh","0.992","0.316831683"
"3148","Ashwood","2.139","0.683168317"
"3143","Prahran","0.049","0.023080546"
"3143","Malvern","2.074","0.976919454"
"3141","Prahran","3.567","1"
"3531","Mildura","349.853","1"
"3189","Sandringham","0.141","0.030765874"
"3189","Bentleigh","4.349","0.948941741"
"3189","Brighton","0.093","0.020292385"
"3922","Bass","70.545","1"
"3113","Warrandyte","26.643","1"
"3890","Gippsland East","1716.819","1"
"3212","Lara","195.529","1"
"3012","Footscray","7.665","0.501013138"
"3012","Williamstown","2.149","0.140466697"
"3012","Laverton","5.485","0.358520165"
"3814","Narracan","77.699","1"
"3469","Ripon","229.282","1"
"3230","Polwarth","97.001","1"
"3873","Gippsland South","93.25","1"
"3441","Macedon","34.564","1"
"3060","Broadmeadows","5.293","1"
"3434","Macedon","164.124","1"
"3111","Warrandyte","11.066","0.944036854"
"3111","Ringwood","0.656","0.055963146"
"3672","Euroa","315.312","1"
"3522","Euroa","192.27","1"
"3179","Rowville","8.838","1"
"3342","Eureka","446.771","1"
"3440","Macedon","39.095","1"
"3444","Euroa","280.071","0.301873838"
"3444","Macedon","647.704","0.698126162"
"3317","Lowan","383.651","1"
"3274","South-West Coast","83.628","0.299228207"
"3274","Lowan","195.851","0.700771793"
"3280","South-West Coast","77.085","1"
"3011","Footscray","5.927","1"
"3707","Benambra","1876.539","0.838163074"
"3707","Gippsland East","362.332","0.161836926"
"3561","Murray Plains","638.125","1"
"3912","Bass","31.213","0.433875452"
"3912","Hastings","40.727","0.566124548"
"3024","Melton","18.756","0.133980042"
"3024","Kororoit","19.561","0.139730411"
"3024","Werribee","77.672","0.554835668"
"3024","Tarneit","24.002","0.171453879"
"3202","Clarinda","6.951","1"
"3559","Euroa","468.874","0.869226848"
"3559","Bendigo East","70.541","0.130773152"
"3056","Brunswick","4.973","1"
"3166","Oakleigh","8.341","1"
"3025","Williamstown","14.039","1"
"3733","Ovens Valley","58.137","1"
"3084","Ivanhoe","13.089","1"
"3072","Preston","7.862","0.686038394"
"3072","Northcote","3.598","0.313961606"
"3381","Lowan","737.691","1"
"3314","Lowan","1385.024","1"
"3666","Euroa","1362.09","1"
"3387","Lowan","176.873","0.194373196"
"3387","Ripon","733.093","0.805626804"
"3842","Morwell","21.183","1"
"3943","Nepean","7.063","1"
"3607","Euroa","81.515","1"
"3608","Euroa","539.168","1"
"3379","Lowan","1370.214","1"
"3384","Lowan","228.951","0.357693461"
"3384","Ripon","411.125","0.642306539"
"3173","Clarinda","2.042","0.093807424"
"3173","Dandenong","5.174","0.23768835"
"3173","Mordialloc","14.552","0.668504226"
"3663","Euroa","67.9","1"
"3809","Pakenham","47.912","1"
"3477","Ripon","1968.523","1"
"3374","Lowan","138.066","0.892706582"
"3374","Ripon","16.594","0.107293418"
"3380","Lowan","92.418","1"
"3529","Mildura","291.508","1"
"3103","Kew","5.231","1"
"3453","Bendigo West","128.387","0.710415502"
"3453","Bendigo East","52.334","0.289584498"
"3207","Albert Park","10.063","1"
"3181","Prahran","2.9","1"
"3185","Caulfield","3.133","1"
"3395","Lowan","177.385","0.191803855"
"3395","Mildura","747.44","0.808196145"
"3064","Kalkallo","92.078","0.716973199"
"3064","Yan Yean","24.53","0.191004937"
"3064","Greenvale","11.818","0.092021865"
"3355","Wendouree","10.746","0.353556623"
"3355","Ripon","19.648","0.646443377"
"3918","Hastings","17.135","1"
"3428","Kalkallo","1.33","0.037988061"
"3428","Sunbury","33.681","0.962011939"
"3281","South-West Coast","160.239","1"
"3043","Niddrie","2.081","0.16812086"
"3043","Sunbury","10.297","0.83187914"
"3303","South-West Coast","373.937","0.777520871"
"3303","Lowan","106.998","0.222479129"
"3432","Macedon","27.653","1"
"3099","Eildon","96.97","1"
"3741","Ovens Valley","756.722","1"
"3101","Kew","10.507","1"
"3568","Murray Plains","514.353","1"
"3933","Hastings","2.981","0.06938044"
"3933","Mornington","39.985","0.93061956"
"3328","Eureka","60.797","1"
"3639","Shepparton","499.97","1"
"3864","Gippsland East","170.498","1"
"3013","Footscray","3.891","0.685155837"
"3013","Williamstown","1.788","0.314844163"
"3637","Shepparton","229.022","1"
"3357","Eureka","26.047","1"
"3057","Brunswick","2.212","1"
"3104","Kew","9.05","1"
"3121","Richmond","6.206","1"
"3087","Bundoora","3.744","1"
"3714","Eildon","620.116","1"
"3719","Eildon","236.087","1"
"3712","Eildon","327.414","1"
"3822","Narracan","62.867","1"
"3815","Narracan","103.86","1"
"3715","Eildon","232.376","1"
"3272","Lowan","682.083","1"
"3268","South-West Coast","177.397","0.303163446"
"3268","Polwarth","407.756","0.696836554"
"3325","Polwarth","570.961","1"
"3237","Polwarth","377.936","1"
"3269","Polwarth","201.177","1"
"3271","Lowan","382.337","0.899735024"
"3271","Polwarth","42.607","0.100264976"
"3720","Eildon","192.942","1"
"3008","Albert Park","0.476","0.181540809"
"3008","Melbourne","2.146","0.818459191"
"3711","Eildon","61.049","1"
"3718","Eildon","88.883","1"
"3821","Narracan","298.669","1"
"3761","Eildon","39.65","1"
"3251","Polwarth","301.918","1"
"3820","Narracan","73.699","1"
"3239","Polwarth","388.653","1"
"3960","Gippsland South","825.51","1"
"3953","Narracan","10.544","0.020859959"
"3953","Gippsland South","494.922","0.979140041"
"3945","Bass","90.134","0.589030264"
"3945","Gippsland South","62.887","0.410969736"
"3823","Narracan","128.511","1"
"3026","Kororoit","5.187","0.184308709"
"3026","Laverton","22.956","0.815691291"
"3175","Dandenong","42.839","0.591649863"
"3175","Carrum","20.449","0.282421346"
"3175","Mordialloc","9.118","0.12592879"
"3818","Narracan","279.436","1"
"3003","Melbourne","6.697","1"
"3870","Gippsland South","282.405","1"
"3356","Wendouree","13.875","1"
"3831","Narracan","176.454","1"
"3186","Brighton","8.561","1"
"3358","Wendouree","5.379","1"
"3350","Eureka","47.416","0.517472444"
"3350","Wendouree","30.779","0.335905271"
"3350","Ripon","13.435","0.146622285"
"3840","Morwell","274.015","0.799418265"
"3840","Gippsland South","68.753","0.200581735"
"3964","Gippsland South","3.173","0.974807988"
"3996","Bass","93.6","0.603193834"
"3996","Gippsland South","61.574","0.396806166"
"3370","Ripon","270.608","1"
"3856","Narracan","64.591","0.43415808"
"3856","Gippsland South","84.182","0.56584192"
"3585","Murray Plains","1082.19","1"
"3591","Murray Plains","19.871","1"
"3549","Mildura","979.461","1"
"3460","Macedon","42.366","1"
"3967","Gippsland South","116.965","1"
"3854","Narracan","7.037","0.040812421"
"3854","Morwell","84.425","0.489638853"
"3854","Gippsland South","80.961","0.469548726"
"3971","Gippsland South","977.293","1"
"3832","Narracan","52.557","1"
"3981","Bass","186.515","0.936974093"
"3981","Narracan","12.546","0.063025907"
"3816","Narracan","153.02","1"
"3857","Gippsland East","5.362","0.080053747"
"3857","Gippsland South","61.618","0.919946253"
"3361","Lowan","11.948","0.025077186"
"3361","Ripon","358.856","0.753188694"
"3361","Polwarth","105.645","0.221734121"
"3270","South-West Coast","18.026","0.450830332"
"3270","Polwarth","21.958","0.549169668"
"3322","Eureka","44.704","0.386552297"
"3322","Polwarth","70.944","0.613447703"
"3046","Broadmeadows","14.053","1"
"3267","Polwarth","93.651","1"
"3360","Eureka","136.369","0.471662678"
"3360","Ripon","152.755","0.528337322"
"3249","Polwarth","1241.151","1"
"3264","South-West Coast","119.134","1"
"3323","Eureka","8.993","0.041838999"
"3323","Polwarth","205.95","0.958161001"
"3324","Polwarth","385.408","1"
"3265","South-West Coast","525.416","0.587833317"
"3265","Lowan","180.537","0.201984073"
"3265","Polwarth","187.865","0.21018261"
"3260","Polwarth","1032.079","1"
"3266","Polwarth","562.73","1"
"3951","Bass","21.198","0.125580569"
"3951","Gippsland South","147.602","0.874419431"
"3959","Gippsland South","193.088","1"
"3965","Gippsland South","16.019","1"
"3957","Gippsland South","65.047","1"
"3858","Eildon","81.475","0.031689757"
"3858","Gippsland East","2320.715","0.902643698"
"3858","Gippsland South","168.83","0.065666545"
"3859","Gippsland East","193.511","1"
"3862","Ovens Valley","501.438","0.162862076"
"3862","Gippsland East","2577.474","0.837137924"
"3847","Gippsland South","485.859","1"
"3312","Lowan","2961.653","1"
"3956","Gippsland South","469.736","1"
"3946","Gippsland South","40.243","1"
"3962","Gippsland South","151.771","1"
"3995","Bass","200.303","1"
"3958","Gippsland South","109.811","1"
"3984","Bass","234.043","1"
"3987","Bass","9.738","0.122219991"
"3987","Narracan","1.807","0.022679351"
"3987","Gippsland South","68.131","0.855100658"
"3835","Narracan","62.131","0.967591727"
"3835","Gippsland South","2.081","0.032408273"
"3988","Narracan","31.05","0.241841265"
"3988","Gippsland South","97.34","0.758158735"
"3197","Carrum","5.807","1"
"3028","Point Cook","11.931","0.75853519"
"3028","Laverton","3.798","0.24146481"
"3871","Narracan","20.62","0.072619697"
"3871","Gippsland South","263.325","0.927380303"
"3950","Narracan","4.57","0.036948402"
"3950","Gippsland South","119.116","0.963051598"
"3201","Carrum","20.218","1"
"3954","Gippsland South","38.117","1"
"3315","Lowan","1331.053","1"
"3824","Narracan","208.758","0.972582381"
"3824","Morwell","5.885","0.027417619"
"3874","Gippsland South","283.643","1"
"3850","Gippsland South","55.689","1"
"3851","Gippsland East","151.987","0.081003787"
"3851","Gippsland South","1724.308","0.918996213"
"3844","Morwell","346.295","0.613034111"
"3844","Gippsland South","218.592","0.386965889"
"3860","Gippsland East","1399.75","1"
"3225","","26.538","0.44029665"
"3964","","0.082","0.025192012"